 {
  "$schema": "http://json-schema.org/draft-04/schema#", 
   "definitions": {}, 
    "id": "http://localhost:8090/schema.json", 
   "properties": {
     "company": {
       "id": "/properties/company", 
       "type": "string",
       "not" : {
                "enum" : ["null"]
            }
    }, 
    "id": {
      "id": "/properties/id", 
      "type": "integer"
    }, 
    "name": {
      "id": "/properties/name", 
      "type": "string",
      "not" : {
                "enum" : ["null"]
            }
    }
  }, 
  "type": "object"
}